2012,2,1,Kevin Lazenby,https://web.archive.org/web/20150504130657/http://spellingbee.com:80/public/results/2012/round_results/speller/1,"Adventure Travel, Birmingham, Alabama",witticism,witticism,
2012,2,2,Taia Fagerstrom,https://web.archive.org/web/20150504130657/http://spellingbee.com:80/public/results/2012/round_results/speller/2,"Anchorage Daily News, Anchorage, Alaska",thistle,thistle,
2012,2,3,David Jones,https://web.archive.org/web/20150504130657/http://spellingbee.com:80/public/results/2012/round_results/speller/3,"Daily News-Miner, Fairbanks, Alaska",aioli,aioli,
2012,2,4,Rita Jennings,https://web.archive.org/web/20150504130657/http://spellingbee.com:80/public/results/2012/round_results/speller/4,"Samoa News, Pago Pago, American Samoa",qwerty,qwerty,
2012,2,5,Sumaita Mulk,https://web.archive.org/web/20150504130657/http://spellingbee.com:80/public/results/2012/round_results/speller/5,"Arizona Educational Foundation, Scottsdale, Arizona",regale,regale,
2012,2,6,Aarish Raza,https://web.archive.org/web/20150504130657/http://spellingbee.com:80/public/results/2012/round_results/speller/6,"Navajo Times Publishing Company, Window Rock, Arizona",alcazar,alcazar,
2012,2,7,Trevor Paulsen,https://web.archive.org/web/20150504130657/http://spellingbee.com:80/public/results/2012/round_results/speller/7,"Arkansas Democrat Gazette, Little Rock, Arkansas",pullet,pullet,
2012,2,8,Paloma Cartwright,https://web.archive.org/web/20150504130657/http://spellingbee.com:80/public/results/2012/round_results/speller/8,"The Nassau Guardian, Nassau, Bahamas",kudize,kudize,
2012,2,9,Lerick Gordon,https://web.archive.org/web/20150504130657/http://spellingbee.com:80/public/results/2012/round_results/speller/9,"Desert Dispatch, Barstow, California",limpid,limpet,E
2012,2,10,Brian Jeffers,https://web.archive.org/web/20150504130657/http://spellingbee.com:80/public/results/2012/round_results/speller/10,"Ventura County Star, Camarillo, California",coffle,coffle,
2012,2,11,Apolonia Gardner,https://web.archive.org/web/20150504130657/http://spellingbee.com:80/public/results/2012/round_results/speller/11,"Imperial Valley Press, El Centro, California",gymnure,gymnure,
2012,2,12,Nickan Fayyazi,https://web.archive.org/web/20150504130657/http://spellingbee.com:80/public/results/2012/round_results/speller/12,"Los Angeles Spelling Bee Collaborative, Los Angeles, California",firth,firth,
2012,2,13,Justin Chuang,https://web.archive.org/web/20150504130657/http://spellingbee.com:80/public/results/2012/round_results/speller/13,"Friends of the Diamond Bar Library, Pomona, California",Italianate,Italianate,
2012,2,14,Patrizzia Fox-Beaudet,https://web.archive.org/web/20150504130657/http://spellingbee.com:80/public/results/2012/round_results/speller/14,"Record Searchlight, Redding, California",qualitative,qualitative,
2012,2,15,Shruti Amin,https://web.archive.org/web/20150504130657/http://spellingbee.com:80/public/results/2012/round_results/speller/15,"The Press-Enterprise, Riverside, California",litany,litany,
2012,2,16,Jack Maglalang,https://web.archive.org/web/20150504130657/http://spellingbee.com:80/public/results/2012/round_results/speller/16,"The Sacramento Bee, Sacramento, California",fugleman,fugleman,
2012,2,17,Dylan Bird,https://web.archive.org/web/20150504130657/http://spellingbee.com:80/public/results/2012/round_results/speller/17,"Monterey County Office of Education, Salinas, California",corpuscle,corpuscle,
2012,2,18,Isabel Cholbi,https://web.archive.org/web/20150504130657/http://spellingbee.com:80/public/results/2012/round_results/speller/18,"San Bernardino Spelling Bee Collaborative, San Bernardino, California",albeit,albeit,
2012,2,19,Snigdha Nandipati,https://web.archive.org/web/20150504130657/http://spellingbee.com:80/public/results/2012/round_results/speller/19,"U-T San Diego, San Diego, California",ringent,ringent,
2012,2,20,Siddharth Kulkarni,https://web.archive.org/web/20150504130657/http://spellingbee.com:80/public/results/2012/round_results/speller/20,"San Francisco Chronicle, San Francisco, California",tertiary,tertiary,
2012,2,21,Sam Nitz,https://web.archive.org/web/20150504130657/http://spellingbee.com:80/public/results/2012/round_results/speller/21,"The Orange County Register, Santa Ana, California",ullage,ullage,
2012,2,22,Alex Howe,https://web.archive.org/web/20150504130657/http://spellingbee.com:80/public/results/2012/round_results/speller/22,"Daily Press, Victorville, California",veracity,verasity,E
2012,2,23,Bridget Byerlee,https://web.archive.org/web/20150504130657/http://spellingbee.com:80/public/results/2012/round_results/speller/23,"Visalia Times-Delta/Tulare Advance-Register, Visalia, California",poignant,poignant,
2012,2,24,Nick Lambert,https://web.archive.org/web/20150504130657/http://spellingbee.com:80/public/results/2012/round_results/speller/24,"Contra Costa Times, Walnut Creek, California",myriad,myriad,
2012,2,25,Jennifer Mong,https://web.archive.org/web/20150504130657/http://spellingbee.com:80/public/results/2012/round_results/speller/25,"The Telegram, St. John's, Newfoundland, Canada",limousine,limousine,
2012,2,26,Zhongtian Wang,https://web.archive.org/web/20150504130657/http://spellingbee.com:80/public/results/2012/round_results/speller/26,"The Windsor Star, Windsor, Ontario, Canada",issei,issei,
2012,2,27,Mignon Tsai,https://web.archive.org/web/20150504130657/http://spellingbee.com:80/public/results/2012/round_results/speller/27,"The Vancouver Sun, Vancouver, British Columbia, Canada",hyacinth,hyacinth,
2012,2,28,Katharine Wang,https://web.archive.org/web/20150504130657/http://spellingbee.com:80/public/results/2012/round_results/speller/28,"Community Center Shanghai, Shanghai, China",heliosis,heliosis,
2012,2,29,Eva Kitlen,https://web.archive.org/web/20150504130657/http://spellingbee.com:80/public/results/2012/round_results/speller/29,"Barnes & Noble, Boulder, Colorado",genre,genre,
2012,2,30,Frank Cahill,https://web.archive.org/web/20150504130657/http://spellingbee.com:80/public/results/2012/round_results/speller/30,"The Denver Post, Denver, Colorado",frangible,frangible,
2012,2,31,Rahul Malayappan,https://web.archive.org/web/20150504130657/http://spellingbee.com:80/public/results/2012/round_results/speller/31,"Hearst Connecticut Media Group, Danbury, Connecticut",fictile,fictile,
2012,2,32,Kitty Shortt,https://web.archive.org/web/20150504130657/http://spellingbee.com:80/public/results/2012/round_results/speller/32,"New Haven Register, New Haven, Connecticut",escargot,escargot,
2012,2,33,Lily Wang,https://web.archive.org/web/20150504130657/http://spellingbee.com:80/public/results/2012/round_results/speller/33,"Norwich Bulletin, Norwich, Connecticut",diluent,diluent,
2012,2,34,Sairah Sheikh,https://web.archive.org/web/20150504130657/http://spellingbee.com:80/public/results/2012/round_results/speller/34,"South Windsor Community Foundation, South Windsor, Connecticut",commensurate,commensurate,
2012,2,35,Pranay Malempati,https://web.archive.org/web/20150504130657/http://spellingbee.com:80/public/results/2012/round_results/speller/35,"Delaware Spelling Bee Collaborative, Wilmington, Delaware",pallor,pallor,
2012,2,36,Tuli Bennett-Bose,https://web.archive.org/web/20150504130657/http://spellingbee.com:80/public/results/2012/round_results/speller/36,"The Washington Informer, Washington, District of Columbia",imperilment,imperilment,
2012,2,37,Anuk Dayaprema,https://web.archive.org/web/20150504130657/http://spellingbee.com:80/public/results/2012/round_results/speller/37,"European PTA, Defense and State Department Schools, Europe",exemplar,exemplar,
2012,2,38,Kriyana Reddy,https://web.archive.org/web/20150504130657/http://spellingbee.com:80/public/results/2012/round_results/speller/38,"Polk County School District Collaborative, Bartow, Florida",rapport,rapport,
2012,2,39,Kayla Sheffield,https://web.archive.org/web/20150504130657/http://spellingbee.com:80/public/results/2012/round_results/speller/39,"The Daily News , Bonita Springs, Florida",ecru,ecru,
2012,2,40,Grace Remmer,https://web.archive.org/web/20150504130657/http://spellingbee.com:80/public/results/2012/round_results/speller/40,"The Florida Times-Union, Jacksonville, Florida",calibrate,calibrate,
2012,2,41,Princeton Ballarino,https://web.archive.org/web/20150504130657/http://spellingbee.com:80/public/results/2012/round_results/speller/41,"Naples Daily News , Naples, Florida",alchemy,alchemy,
2012,2,42,Vaidya Govindarajan,https://web.archive.org/web/20150504130657/http://spellingbee.com:80/public/results/2012/round_results/speller/42,"The Miami Herald, Miami, Florida",botanist,botanist,
2012,2,43,Christal Schermeister,https://web.archive.org/web/20150504130657/http://spellingbee.com:80/public/results/2012/round_results/speller/43,"The Miami Herald, Miami, Florida",indubitable,indubitable,
2012,2,44,Stuti Mishra,https://web.archive.org/web/20150504130657/http://spellingbee.com:80/public/results/2012/round_results/speller/44,"Orlando Sentinel, Orlando, Florida",kyoodle,kyoodle,
2012,2,45,Nikitha Chandran,https://web.archive.org/web/20150504130657/http://spellingbee.com:80/public/results/2012/round_results/speller/45,"Tampa Bay Spelling Bee Collaborative, St. Petersburg, Florida",quarantine,quarantine,
2012,2,46,Yusra Hashmi,https://web.archive.org/web/20150504130657/http://spellingbee.com:80/public/results/2012/round_results/speller/46,"Treasure Coast Newspapers, Stuart, Florida",topiarist,topiarist,
2012,2,47,Ann Marie Brown,https://web.archive.org/web/20150504130657/http://spellingbee.com:80/public/results/2012/round_results/speller/47,"Tallahassee Democrat, Tallahassee, Florida",vernacular,vernacular,
2012,2,48,Cara Busheme,https://web.archive.org/web/20150504130657/http://spellingbee.com:80/public/results/2012/round_results/speller/48,"Kiwanis Club of West Palm Beach, West Palm Beach, Florida",mercerize,mercerize,
2012,2,49,Rachael Cundey,https://web.archive.org/web/20150504130657/http://spellingbee.com:80/public/results/2012/round_results/speller/49,"The Augusta Chronicle, Augusta, Georgia",cartel,cartel,
2012,2,50,Simola Nayak,https://web.archive.org/web/20150504130657/http://spellingbee.com:80/public/results/2012/round_results/speller/50,"Georgia Association of Educators, Tucker, Georgia",habile,habile,
2012,2,51,Philemon Awan,https://web.archive.org/web/20150504130657/http://spellingbee.com:80/public/results/2012/round_results/speller/51,"Essence Communications Ltd., Accra, Ghana",julienne,julienne,
2012,2,52,Marcy Ann Ermitanio,https://web.archive.org/web/20150504130657/http://spellingbee.com:80/public/results/2012/round_results/speller/52,"Pacific Daily News, Hagåtña, Guam",moorage,moorage,
2012,2,53,Taggart Nakamoto,https://web.archive.org/web/20150504130657/http://spellingbee.com:80/public/results/2012/round_results/speller/53,"aio, Honolulu, Hawaii",oompah,oompah,
2012,2,54,Sarah Sedy,https://web.archive.org/web/20150504130657/http://spellingbee.com:80/public/results/2012/round_results/speller/54,"Coeur d'Alene Press, Coeur d'Alene, Idaho",protervity,protervity,
2012,2,55,Malie Curren,https://web.archive.org/web/20150504130657/http://spellingbee.com:80/public/results/2012/round_results/speller/55,"Teton Valley News, Driggs, Idaho",segue,segway,E
2012,2,56,Ian Wendt,https://web.archive.org/web/20150504130657/http://spellingbee.com:80/public/results/2012/round_results/speller/56,"Lewiston Tribune, Lewiston, Idaho",tierer,tierer,
2012,2,57,Christine Alex,https://web.archive.org/web/20150504130657/http://spellingbee.com:80/public/results/2012/round_results/speller/57,"Chicago Public Schools, Chicago, Illinois",vacillate,vacillate,
2012,2,58,Simon Ricci,https://web.archive.org/web/20150504130657/http://spellingbee.com:80/public/results/2012/round_results/speller/58,"Chicago Spelling Bee Collaborative, Chicago, Illinois",facetious,facetious,
2012,2,59,Sophia Whittemore,https://web.archive.org/web/20150504130657/http://spellingbee.com:80/public/results/2012/round_results/speller/59,"Commonwealth Edison, Chicago, Illinois",basilisk,basilisk,
2012,2,60,Marlene Santora,https://web.archive.org/web/20150504130657/http://spellingbee.com:80/public/results/2012/round_results/speller/60,"Commonwealth Edison, Chicago, Illinois",elaborative,elaborative,
2012,2,61,Kimberly Belser,https://web.archive.org/web/20150504130657/http://spellingbee.com:80/public/results/2012/round_results/speller/61,"Commonwealth Edison, Chicago, Illinois",obduced,obduced,
2012,2,62,Lucas Urbanski,https://web.archive.org/web/20150504130657/http://spellingbee.com:80/public/results/2012/round_results/speller/62,"Northwest Herald, Crystal Lake, Illinois",leechcraft,leechcraft,
2012,2,63,Yasir Hasnain,https://web.archive.org/web/20150504130657/http://spellingbee.com:80/public/results/2012/round_results/speller/63,"Herald & Review, Decatur, Illinois",toadyism,toadyism,
2012,2,64,Ben Rydecki,https://web.archive.org/web/20150504130657/http://spellingbee.com:80/public/results/2012/round_results/speller/64,"Daily Chronicle, DeKalb, Illinois",zinnia,zinnia,
2012,2,65,Christopher Rademacher,https://web.archive.org/web/20150504130657/http://spellingbee.com:80/public/results/2012/round_results/speller/65,"The Telegraph, Dixon, Illinois",euphemism,euphemism,
2012,2,66,Pranav Sivakumar,https://web.archive.org/web/20150504130657/http://spellingbee.com:80/public/results/2012/round_results/speller/66,"Lake County Regional Office of Education, Grayslake, Illinois",cincture,cincture,
2012,2,67,Dhruva Mehta,https://web.archive.org/web/20150504130657/http://spellingbee.com:80/public/results/2012/round_results/speller/67,"The Daily Journal, Kankakee, Illinois",brockage,brockage,
2012,2,68,Jay Shirodkar,https://web.archive.org/web/20150504130657/http://spellingbee.com:80/public/results/2012/round_results/speller/68,"Boone-Winnebago Regional Office of Education, Loves Park, Illinois",halal,halal,
2012,2,69,Sophie Bergman,https://web.archive.org/web/20150504130657/http://spellingbee.com:80/public/results/2012/round_results/speller/69,"The Dispatch and The Rock Island Argus, Moline, Illinois",iambist,iambist,
2012,2,70,Grant Innis,https://web.archive.org/web/20150504130657/http://spellingbee.com:80/public/results/2012/round_results/speller/70,"Peoria Journal Star, Peoria, Illinois",remand,remand,
2012,2,71,Daniel Oster,https://web.archive.org/web/20150504130657/http://spellingbee.com:80/public/results/2012/round_results/speller/71,"Kane County Chronicle, Saint Charles, Illinois",genteel,genteel,
2012,2,72,Parker Carls,https://web.archive.org/web/20150504130657/http://spellingbee.com:80/public/results/2012/round_results/speller/72,"The State Journal-Register, Springfield, Illinois",anomaly,anomaly,
2012,2,73,Greg Kessel,https://web.archive.org/web/20150504130657/http://spellingbee.com:80/public/results/2012/round_results/speller/73,"The Daily Gazette, Sterling, Illinois",fluctuant,fluctuant,
2012,2,74,Andrew Stevens,https://web.archive.org/web/20150504130657/http://spellingbee.com:80/public/results/2012/round_results/speller/74,"Carroll/JoDaviess/Stephenson Regional Office of Education, Stockton, Illinois",dragoon,dragune,E
2012,2,75,Star Han,https://web.archive.org/web/20150504130657/http://spellingbee.com:80/public/results/2012/round_results/speller/75,"Indiana University, Bloomington, Indiana",fuselage,fuselage,
2012,2,76,Matthew Zheng,https://web.archive.org/web/20150504130657/http://spellingbee.com:80/public/results/2012/round_results/speller/76,"Williams Comfort Air, Carmel, Indiana",irrepressible,irrepressible,
2012,2,77,Aaron Manning,https://web.archive.org/web/20150504130657/http://spellingbee.com:80/public/results/2012/round_results/speller/77,"Evansville Courier & Press, Evansville, Indiana",karaoke,karaoke,
2012,2,78,Kaelyn Bender,https://web.archive.org/web/20150504130657/http://spellingbee.com:80/public/results/2012/round_results/speller/78,"The Journal Gazette, Fort Wayne, Indiana",quisling,quisling,
2012,2,79,Gina Solomito,https://web.archive.org/web/20150504130657/http://spellingbee.com:80/public/results/2012/round_results/speller/79,"Indiana University-Purdue University Indianapolis , Indianapolis, Indiana",mozzarella,mozzarella,
2012,2,80,Pranav Haran,https://web.archive.org/web/20150504130657/http://spellingbee.com:80/public/results/2012/round_results/speller/80,"The Kokomo Tribune, Kokomo, Indiana",salaam,salaam,
2012,2,81,Casey Hennings,https://web.archive.org/web/20150504130657/http://spellingbee.com:80/public/results/2012/round_results/speller/81,"Journal and Courier, Lafayette, Indiana",visceral,visceral,
2012,2,82,Ross DeLong,https://web.archive.org/web/20150504130657/http://spellingbee.com:80/public/results/2012/round_results/speller/82,"Indiana Wesleyan University, Marion, Indiana",Ebola,Ebola,
2012,2,83,Andie Reidy,https://web.archive.org/web/20150504130657/http://spellingbee.com:80/public/results/2012/round_results/speller/83,"The Star Press, Muncie, Indiana",billabong,billabong,
2012,2,84,Margaret Peterson,https://web.archive.org/web/20150504130657/http://spellingbee.com:80/public/results/2012/round_results/speller/84,"South Bend Tribune, South Bend, Indiana",googol,googol,
2012,2,85,Sabin Karki,https://web.archive.org/web/20150504130657/http://spellingbee.com:80/public/results/2012/round_results/speller/85,"The Tribune-Star, Terre Haute, Indiana",Cycladic,Cycladic,
2012,2,86,Katie Kirk,https://web.archive.org/web/20150504130657/http://spellingbee.com:80/public/results/2012/round_results/speller/86,"Kankakee Valley REMC, Wanatah, Indiana",indigenous,indigenous,
2012,2,87,Jeremy Ferguson,https://web.archive.org/web/20150504130657/http://spellingbee.com:80/public/results/2012/round_results/speller/87,"Iowa State University, Greenlee School of Journalism, Ames, Iowa",cynosure,cynosure,
2012,2,88,Joshua Kalyanapu,https://web.archive.org/web/20150504130657/http://spellingbee.com:80/public/results/2012/round_results/speller/88,"Telegraph Herald, Dubuque, Iowa",lorikeet,lorikeet,
2012,2,89,Gifton Wright,https://web.archive.org/web/20150504130657/http://spellingbee.com:80/public/results/2012/round_results/speller/89,"Jamaica Gleaner, Kingston, Jamaica",neptunium,neptunium,
2012,2,90,Haruka Masuda,https://web.archive.org/web/20150504130657/http://spellingbee.com:80/public/results/2012/round_results/speller/90,"The Japan Times, Tokyo, Japan",sepia,sepia,
2012,2,91,Clara Wicoff,https://web.archive.org/web/20150504130657/http://spellingbee.com:80/public/results/2012/round_results/speller/91,"Great Bend Tribune, Great Bend, Kansas",shuddering,shuddering,
2012,2,92,Vanya Shivashankar,https://web.archive.org/web/20150504130657/http://spellingbee.com:80/public/results/2012/round_results/speller/92,"The Olathe News, Olathe, Kansas",debellation,debellation,
2012,2,93,Emma Steimle,https://web.archive.org/web/20150504130657/http://spellingbee.com:80/public/results/2012/round_results/speller/93,"The Topeka Capital-Journal, Topeka, Kansas",forage,forage,
2012,2,94,Emily Keaton,https://web.archive.org/web/20150504130657/http://spellingbee.com:80/public/results/2012/round_results/speller/94,"Kentucky Spelling Bee Collaborative, Louisville, Kentucky",codeine,codeine,
2012,2,95,Nickolas Day,https://web.archive.org/web/20150504130657/http://spellingbee.com:80/public/results/2012/round_results/speller/95,"Louisiana Children’s Discovery Center, Hammond, Louisiana",joskin,joskin,
2012,2,96,Emily McGraw,https://web.archive.org/web/20150504130657/http://spellingbee.com:80/public/results/2012/round_results/speller/96,"Kiwanis Club of Lafayette, Lafayette, Louisiana",gynarchy,gynarchy,
2012,2,97,Caleb Miller,https://web.archive.org/web/20150504130657/http://spellingbee.com:80/public/results/2012/round_results/speller/97,"The News-Star, Monroe, Louisiana",desertification,desertification,
2012,2,98,Jessica Davis,https://web.archive.org/web/20150504130657/http://spellingbee.com:80/public/results/2012/round_results/speller/98,"The Times-Picayune, New Orleans, Louisiana",haberdashery,haberdashery,
2012,2,99,Venkatesh Sivaraman,https://web.archive.org/web/20150504130657/http://spellingbee.com:80/public/results/2012/round_results/speller/99,"Alliance For Education, Shreveport, Louisiana",mariculture,mariculture,
2012,2,100,Caitlin Hillery,https://web.archive.org/web/20150504130657/http://spellingbee.com:80/public/results/2012/round_results/speller/100,"Husson University, Bangor, Maine",fuchsias,fuschias,E
2012,2,101,Nat Jordan,https://web.archive.org/web/20150504130657/http://spellingbee.com:80/public/results/2012/round_results/speller/101,"Portland Press Herald/Maine Sunday Telegram, Portland, Maine",jimberjawed,jimberjawed,
2012,2,102,Olivia Simmons,https://web.archive.org/web/20150504130657/http://spellingbee.com:80/public/results/2012/round_results/speller/102,"21st Century Education Foundation, Annapolis, Maryland",mesmerize,mesmerize,
2012,2,103,Shaheer Imam,https://web.archive.org/web/20150504130657/http://spellingbee.com:80/public/results/2012/round_results/speller/103,"Learn It Systems, Baltimore, Maryland",capricious,capricious,
2012,2,104,Reid FitzHugh,https://web.archive.org/web/20150504130657/http://spellingbee.com:80/public/results/2012/round_results/speller/104,"The Meakem Group of Wells Fargo Advisors, Bethesda, Maryland",ocarina,ocarina,
2012,2,105,Jack Nolan,https://web.archive.org/web/20150504130657/http://spellingbee.com:80/public/results/2012/round_results/speller/105,"Howard County Library, Columbia, Maryland",dichotomy,dichotomy,
2012,2,106,Grace Li,https://web.archive.org/web/20150504130657/http://spellingbee.com:80/public/results/2012/round_results/speller/106,"The Herald-Mail, Hagerstown, Maryland",rambla,rambla,
2012,2,107,Hannah Thomas,https://web.archive.org/web/20150504130657/http://spellingbee.com:80/public/results/2012/round_results/speller/107,"The Gazette & The Star, Laurel, Maryland",charlatan,charlatan,
2012,2,108,Michelle Beaulieu,https://web.archive.org/web/20150504130657/http://spellingbee.com:80/public/results/2012/round_results/speller/108,"The Enterprise, Lexington Park, Maryland",dossier,dociere,E
2012,2,109,Christian Kincaid,https://web.archive.org/web/20150504130657/http://spellingbee.com:80/public/results/2012/round_results/speller/109,"The Recorder, Prince Frederick, Maryland",zucchini,zucchini,
2012,2,110,Sydney Christley,https://web.archive.org/web/20150504130657/http://spellingbee.com:80/public/results/2012/round_results/speller/110,"Maryland Independent, Waldorf, Maryland",irascible,irascible,
2012,2,111,Sam Lowery,https://web.archive.org/web/20150504130657/http://spellingbee.com:80/public/results/2012/round_results/speller/111,"Boston Centers for Youth & Families, Boston, Massachusetts",dystopia,dystopia,
2012,2,112,Katie Hudek,https://web.archive.org/web/20150504130657/http://spellingbee.com:80/public/results/2012/round_results/speller/112,"Sentinel & Enterprise, Fitchburg, Massachusetts",shoaly,shoaly,
2012,2,113,Amber Born,https://web.archive.org/web/20150504130657/http://spellingbee.com:80/public/results/2012/round_results/speller/113,"The Daily Item, Lynn, Massachusetts",cinephile,cinephile,
2012,2,114,Molly Cahill,https://web.archive.org/web/20150504130657/http://spellingbee.com:80/public/results/2012/round_results/speller/114,"Comcast, Taunton, Massachusetts",kaiserdom,keizerdom,E
2012,2,115,Coralee LaRue,https://web.archive.org/web/20150504130657/http://spellingbee.com:80/public/results/2012/round_results/speller/115,"The Martha's Vineyard Times, Vineyard Haven, Massachusetts",inviolable,inviolable,
2012,2,116,Amulya Parmar,https://web.archive.org/web/20150504130657/http://spellingbee.com:80/public/results/2012/round_results/speller/116,"The Detroit News, Detroit, Michigan",suggestible,suggestible,
2012,2,117,Mwangi Wa Maina,https://web.archive.org/web/20150504130657/http://spellingbee.com:80/public/results/2012/round_results/speller/117,"Kent Intermediate School District, Grand Rapids, Michigan",echinate,echinate,
2012,2,118,Leland Finney,https://web.archive.org/web/20150504130657/http://spellingbee.com:80/public/results/2012/round_results/speller/118,"Upper Peninsula Spelling Bee Collaborative, Iron Mountain, Michigan",noggin,noggin,
2012,2,119,Ritvik Jillala,https://web.archive.org/web/20150504130657/http://spellingbee.com:80/public/results/2012/round_results/speller/119,"The Jackson Citizen Patriot, Jackson, Michigan",dreidel,dreidel,
2012,2,120,Marissa Pruitt,https://web.archive.org/web/20150504130657/http://spellingbee.com:80/public/results/2012/round_results/speller/120,"The County Press, Lapeer, Michigan",femininity,femininity,
2012,2,121,Mitchell Lange,https://web.archive.org/web/20150504130657/http://spellingbee.com:80/public/results/2012/round_results/speller/121,"Ludington Daily News, Ludington, Michigan",hypocrisy,hypocrisy,
2012,2,122,Nathaniel Britton,https://web.archive.org/web/20150504130657/http://spellingbee.com:80/public/results/2012/round_results/speller/122,"The Macomb Daily, Macomb, Michigan",belligerent,belligerent,
2012,2,123,Kuvam Shahane,https://web.archive.org/web/20150504130657/http://spellingbee.com:80/public/results/2012/round_results/speller/123,"The Oakland Press, Pontiac, Michigan",duchy,duchy,
2012,2,124,Hannah Jackson,https://web.archive.org/web/20150504130657/http://spellingbee.com:80/public/results/2012/round_results/speller/124,"Saginaw Independent School District, Saginaw, Michigan",ectoplasm,ectoplasm,
2012,2,125,Brett Tutton,https://web.archive.org/web/20150504130657/http://spellingbee.com:80/public/results/2012/round_results/speller/125,"The Herald Palladium, St. Joseph, Michigan",fealty,fealty,
2012,2,126,Jack Pasche,https://web.archive.org/web/20150504130657/http://spellingbee.com:80/public/results/2012/round_results/speller/126,"Traverse City Record-Eagle, Traverse City, Michigan",pilosity,pilocity,E
2012,2,127,Kavyapranati Pratapa,https://web.archive.org/web/20150504130657/http://spellingbee.com:80/public/results/2012/round_results/speller/127,"Willow Run Community Schools, Ypsilanti, Michigan",efficacy,efficacy,
2012,2,128,Emma Greenlee,https://web.archive.org/web/20150504130657/http://spellingbee.com:80/public/results/2012/round_results/speller/128,"Lakes Country Service Cooperative, Fergus Falls, Minnesota",temerity,temerity,
2012,2,129,Elise Stahl,https://web.archive.org/web/20150504130657/http://spellingbee.com:80/public/results/2012/round_results/speller/129,"Lockridge Grindal Nauen P.L.L.P., Minneapolis, Minnesota",Buddha,Buddha,
2012,2,130,Antony Joseph,https://web.archive.org/web/20150504130657/http://spellingbee.com:80/public/results/2012/round_results/speller/130,"South Central Service Cooperative, North Mankato, Minnesota",contrariant,contrariant,
2012,2,131,Roshini Asirvatham,https://web.archive.org/web/20150504130657/http://spellingbee.com:80/public/results/2012/round_results/speller/131,"Southeast Service Cooperative , Rochester, Minnesota",gazette,gazette,
2012,2,132,Matthew Majerle,https://web.archive.org/web/20150504130657/http://spellingbee.com:80/public/results/2012/round_results/speller/132,"National Joint Powers Alliance, Staples, Minnesota",habitus,habitus,
2012,2,133,Dev Jaiswal,https://web.archive.org/web/20150504130657/http://spellingbee.com:80/public/results/2012/round_results/speller/133,"Mississippi Association of Educators, Jackson, Mississippi",idiopathic,idiopathic,
2012,2,134,Priscilla Liow,https://web.archive.org/web/20150504130657/http://spellingbee.com:80/public/results/2012/round_results/speller/134,"Columbia Daily Tribune, Columbia, Missouri",lemming,lemming,
2012,2,135,Jacob Longmeyer,https://web.archive.org/web/20150504130657/http://spellingbee.com:80/public/results/2012/round_results/speller/135,"Cass County Democrat Missourian, Harrisonville, Missouri",pernicious,pernicious,
2012,2,136,Jordan Hoffman,https://web.archive.org/web/20150504130657/http://spellingbee.com:80/public/results/2012/round_results/speller/136,"Jackson County Spelling Bee Collaborative, Kansas City, Missouri",egress,egress,
2012,2,137,Adeesh Mishra,https://web.archive.org/web/20150504130657/http://spellingbee.com:80/public/results/2012/round_results/speller/137,"Three Rivers Community College, Poplar Bluff, Missouri",celebratory,celebratory,
2012,2,138,Joseph Snelling,https://web.archive.org/web/20150504130657/http://spellingbee.com:80/public/results/2012/round_results/speller/138,"Sedalia Spelling Bee Collaborative, Sedalia, Missouri",aidant,aidant,
2012,2,139,Julian Pacheco,https://web.archive.org/web/20150504130657/http://spellingbee.com:80/public/results/2012/round_results/speller/139,"College of Arts and Letters - Missouri State University, Springfield, Missouri",flotsam,flotsam,
2012,2,140,Grant Pace,https://web.archive.org/web/20150504130657/http://spellingbee.com:80/public/results/2012/round_results/speller/140,"St. Joseph News-Press, St. Joseph, Missouri",minacious,minacious,
2012,2,141,Gokul Venkatachalam,https://web.archive.org/web/20150504130657/http://spellingbee.com:80/public/results/2012/round_results/speller/141,"St. Louis Post-Dispatch, St. Louis, Missouri",quotidian,quotidian,
2012,2,142,Madelyn Kirsch,https://web.archive.org/web/20150504130657/http://spellingbee.com:80/public/results/2012/round_results/speller/142,"Lee Newspapers of Montana, Billings, Montana",recidivist,recitevist,E
2012,2,143,Julia Fiksinski,https://web.archive.org/web/20150504130657/http://spellingbee.com:80/public/results/2012/round_results/speller/143,"Omaha World-Herald, Omaha, Nebraska",syllabus,syllabus,
2012,2,144,Megan Allison Pineda,https://web.archive.org/web/20150504130657/http://spellingbee.com:80/public/results/2012/round_results/speller/144,"Las Vegas Review-Journal, Las Vegas, Nevada",urbiculture,urbiculture,
2012,2,145,Emma Ciereszynski,https://web.archive.org/web/20150504130657/http://spellingbee.com:80/public/results/2012/round_results/speller/145,"New Hampshire Union Leader, Manchester, New Hampshire",nobiliary,nobiliary,
2012,2,146,Angela Wang,https://web.archive.org/web/20150504130657/http://spellingbee.com:80/public/results/2012/round_results/speller/146,"Townsquare Media, Bayville, New Jersey",epilithic,epilithic,
2012,2,147,Bisma Nasir,https://web.archive.org/web/20150504130657/http://spellingbee.com:80/public/results/2012/round_results/speller/147,"Camden Spelling Bee Collaborative, Camden, New Jersey",calypso,calypso,
2012,2,148,Sanjana Malla,https://web.archive.org/web/20150504130657/http://spellingbee.com:80/public/results/2012/round_results/speller/148,"The Record and Herald News, Hackensack, New Jersey",illeism,illeism,
2012,2,149,Kennith Gonzalez,https://web.archive.org/web/20150504130657/http://spellingbee.com:80/public/results/2012/round_results/speller/149,"Hudson County Office of Cultural and Heritage Affairs, Jersey City, New Jersey",Limburger,Limburger,
2012,2,150,Carson Monks,https://web.archive.org/web/20150504130657/http://spellingbee.com:80/public/results/2012/round_results/speller/150,"Tri-State Spelling Bee Committee, Montague, New Jersey",nimbed,nimbed,
2012,2,151,Cooper Barth,https://web.archive.org/web/20150504130657/http://spellingbee.com:80/public/results/2012/round_results/speller/151,"Asbury Park Press/Home News Tribune , Neptune, New Jersey",polarizable,polarizable,
2012,2,152,Eboseremhen Eigbe,https://web.archive.org/web/20150504130657/http://spellingbee.com:80/public/results/2012/round_results/speller/152,"Townsquare Media, Northfield, New Jersey",ethylene,ethylene,
2012,2,153,Jacob Hunter,https://web.archive.org/web/20150504130657/http://spellingbee.com:80/public/results/2012/round_results/speller/153,"The Albuquerque Journal, Albuquerque, New Mexico",solder,solder,
2012,2,154,Massoud Sharif,https://web.archive.org/web/20150504130657/http://spellingbee.com:80/public/results/2012/round_results/speller/154,"Times Union, Albany, New York",erratum,erratum,
2012,2,155,Nabeel Rahman,https://web.archive.org/web/20150504130657/http://spellingbee.com:80/public/results/2012/round_results/speller/155,"The Buffalo News, Buffalo, New York",coloratura,coloratura,
2012,2,156,Sruti Akula,https://web.archive.org/web/20150504130657/http://spellingbee.com:80/public/results/2012/round_results/speller/156,"The Leader, Corning, New York",materialize,materialize,
2012,2,157,Gavin Buehler,https://web.archive.org/web/20150504130657/http://spellingbee.com:80/public/results/2012/round_results/speller/157,"Finger Lakes Times, Geneva, New York",evanesce,evanesce,
2012,2,158,Adam Ferrari,https://web.archive.org/web/20150504130657/http://spellingbee.com:80/public/results/2012/round_results/speller/158,"The Leader-Herald, Gloversville, New York",alkali,alkali,
2012,2,159,Dean Creedon,https://web.archive.org/web/20150504130657/http://spellingbee.com:80/public/results/2012/round_results/speller/159,"Hofstra University, Hempstead, New York",filasse,filasse,
2012,2,160,Keerthi Radhakrishnan,https://web.archive.org/web/20150504130657/http://spellingbee.com:80/public/results/2012/round_results/speller/160,"Times Herald-Record, Middletown, New York",embezzlement,embezzlement,
2012,2,161,Jabaal Allen,https://web.archive.org/web/20150504130657/http://spellingbee.com:80/public/results/2012/round_results/speller/161,"Mount Vernon Inquirer, Mount Vernon, New York",ingenue,angenue,E
2012,2,162,Arvind Mahankali,https://web.archive.org/web/20150504130657/http://spellingbee.com:80/public/results/2012/round_results/speller/162,"Daily News, New York, New York",garibaldi,garibaldi,
2012,2,163,Alexis Tang,https://web.archive.org/web/20150504130657/http://spellingbee.com:80/public/results/2012/round_results/speller/163,"Daily News, New York, New York",biliousness,biliousness,
2012,2,164,Kristin Ratliff,https://web.archive.org/web/20150504130657/http://spellingbee.com:80/public/results/2012/round_results/speller/164,"The Daily Star, Oneonta, New York",quonk,quonk,
2012,2,165,Philip Cummings,https://web.archive.org/web/20150504130657/http://spellingbee.com:80/public/results/2012/round_results/speller/165,"The Palladium-Times, Oswego, New York",phatic,fattic,E
2012,2,166,Nicholas Manfred,https://web.archive.org/web/20150504130657/http://spellingbee.com:80/public/results/2012/round_results/speller/166,"Press-Republican, Plattsburgh, New York",sassafras,sassafrass,E
2012,2,167,Emily Carello,https://web.archive.org/web/20150504130657/http://spellingbee.com:80/public/results/2012/round_results/speller/167,"The Post-Standard, Syracuse, New York",foggara,foggara,
2012,2,168,Dylan O'Connor,https://web.archive.org/web/20150504130657/http://spellingbee.com:80/public/results/2012/round_results/speller/168,"Watertown Daily Times, Watertown, New York",shrieval,shrieval,
2012,2,169,Ryan McLellan,https://web.archive.org/web/20150504130657/http://spellingbee.com:80/public/results/2012/round_results/speller/169,"New Zealand Spelling Bee Trust, Wellington, New Zealand",taupe,taupe,
2012,2,170,Meghna Mahadevan,https://web.archive.org/web/20150504130657/http://spellingbee.com:80/public/results/2012/round_results/speller/170,"Times-News, Burlington, North Carolina",vandalize,vandalize,
2012,2,171,Olivia Jones,https://web.archive.org/web/20150504130657/http://spellingbee.com:80/public/results/2012/round_results/speller/171,"The Charlotte Observer, Charlotte, North Carolina",anabolic,anabolic,
2012,2,172,Zachary Jacobs,https://web.archive.org/web/20150504130657/http://spellingbee.com:80/public/results/2012/round_results/speller/172,"The Clayton News-Star, Clayton, North Carolina",kailyard,kailyard,
2012,2,173,Ned Swansey,https://web.archive.org/web/20150504130657/http://spellingbee.com:80/public/results/2012/round_results/speller/173,"Duke University's Office of Durham and Regional Affairs, Durham, North Carolina",decile,decile,
2012,2,174,Ashrita Vadlapatla,https://web.archive.org/web/20150504130657/http://spellingbee.com:80/public/results/2012/round_results/speller/174,"The Fayetteville Observer, Fayetteville, North Carolina",masala,masala,
2012,2,175,Katie Danis,https://web.archive.org/web/20150504130657/http://spellingbee.com:80/public/results/2012/round_results/speller/175,"The Gaston Gazette, Gastonia, North Carolina",fraught,fraught,
2012,2,176,Aidan Markwick,https://web.archive.org/web/20150504130657/http://spellingbee.com:80/public/results/2012/round_results/speller/176,"Harnett County Spelling Bee Collaborative, Lillington, North Carolina",surveillance,surveillance,
2012,2,177,Michael Bono,https://web.archive.org/web/20150504130657/http://spellingbee.com:80/public/results/2012/round_results/speller/177,"PAGE of Wake County, Raleigh, North Carolina",paradigm,paradigm,
2012,2,178,Vedantanshu Kar,https://web.archive.org/web/20150504130657/http://spellingbee.com:80/public/results/2012/round_results/speller/178,"Delta Center for Life Development, Inc., Rocky Mount, North Carolina",Holi,Holi,
2012,2,179,Hunter Randolph,https://web.archive.org/web/20150504130657/http://spellingbee.com:80/public/results/2012/round_results/speller/179,"PAGE of Lee County, Sanford, North Carolina",immolate,immolate,
2012,2,180,Sierra Parker,https://web.archive.org/web/20150504130657/http://spellingbee.com:80/public/results/2012/round_results/speller/180,"The Shelby Star, Shelby, North Carolina",arachnid,arachnid,
2012,2,181,Isabella Mayo,https://web.archive.org/web/20150504130657/http://spellingbee.com:80/public/results/2012/round_results/speller/181,"Washington Daily News, Washington, North Carolina",hafiz,hafiz,
2012,2,182,Landry Ballance,https://web.archive.org/web/20150504130657/http://spellingbee.com:80/public/results/2012/round_results/speller/182,"Wilson Daily Times, Wilson, North Carolina",lenitive,leanitive,E
2012,2,183,Nejat Alkadir,https://web.archive.org/web/20150504130657/http://spellingbee.com:80/public/results/2012/round_results/speller/183,"Winston-Salem Journal, Winston-Salem, North Carolina",fenestrated,fenestrated,
2012,2,184,Ty Korsmo,https://web.archive.org/web/20150504130657/http://spellingbee.com:80/public/results/2012/round_results/speller/184,"North Dakota Council of Educational Leaders, Bismarck, North Dakota",procacious,procacious,
2012,2,185,Sunny Levine,https://web.archive.org/web/20150504130657/http://spellingbee.com:80/public/results/2012/round_results/speller/185,"Akron Beacon Journal, Akron, Ohio",dermotactile,dermotactile,
2012,2,186,Spencer Brooks,https://web.archive.org/web/20150504130657/http://spellingbee.com:80/public/results/2012/round_results/speller/186,"Ohio University's Scripps College of Communication, Athens, Ohio",Wiccan,Wiccan,
2012,2,187,Nathan Dugan,https://web.archive.org/web/20150504130657/http://spellingbee.com:80/public/results/2012/round_results/speller/187,"The Repository, Canton, Ohio",cantankerous,cantankerous,
2012,2,188,Manu Nair,https://web.archive.org/web/20150504130657/http://spellingbee.com:80/public/results/2012/round_results/speller/188,"WCPO-TV Channel 9, Cincinnati, Ohio",weir,weir,
2012,2,189,Mira O'Donnell,https://web.archive.org/web/20150504130657/http://spellingbee.com:80/public/results/2012/round_results/speller/189,"WCPO-TV Channel 9, Cincinnati, Ohio",ascetic,ascedic,E
2012,2,190,Isabella Nilsson,https://web.archive.org/web/20150504130657/http://spellingbee.com:80/public/results/2012/round_results/speller/190,"The Plain Dealer, Cleveland, Ohio",fusillade,fusillade,
2012,2,191,Tabitha Wells,https://web.archive.org/web/20150504130657/http://spellingbee.com:80/public/results/2012/round_results/speller/191,"Dayton Daily News, Dayton, Ohio",neuroticism,neuroticism,
2012,2,192,Veto Lopez,https://web.archive.org/web/20150504130657/http://spellingbee.com:80/public/results/2012/round_results/speller/192,"Educational Service Center of Lorain County, LaGrange, Ohio",blasé,blazet,E
2012,2,193,Nicholas Rushlow,https://web.archive.org/web/20150504130657/http://spellingbee.com:80/public/results/2012/round_results/speller/193,"Lancaster Eagle-Gazette, Lancaster, Ohio",gabbai,gabbai,
2012,2,194,LeeAnn Jose,https://web.archive.org/web/20150504130657/http://spellingbee.com:80/public/results/2012/round_results/speller/194,"The Lima News, Lima, Ohio",debacle,debacle,
2012,2,195,Carter Lang,https://web.archive.org/web/20150504130657/http://spellingbee.com:80/public/results/2012/round_results/speller/195,"The Marietta Times, Marietta, Ohio",egregious,egregious,
2012,2,196,Marcus Clark,https://web.archive.org/web/20150504130657/http://spellingbee.com:80/public/results/2012/round_results/speller/196,"The Times Leader, Martins Ferry, Ohio",olid,olid,
2012,2,197,Michael Reiner,https://web.archive.org/web/20150504130657/http://spellingbee.com:80/public/results/2012/round_results/speller/197,"Salem News, East Liverpool Review and The Morning Journal, Salem, Ohio",fête,fête,
2012,2,198,Dharani Kotekal,https://web.archive.org/web/20150504130657/http://spellingbee.com:80/public/results/2012/round_results/speller/198,"The Herald-Star, Steubenville, Ohio",Websterian,Websterian,
2012,2,199,Spencer Hipsher,https://web.archive.org/web/20150504130657/http://spellingbee.com:80/public/results/2012/round_results/speller/199,"The Blade, Toledo, Ohio",liaise,liase,E
2012,2,200,Rebekah Stanhope,https://web.archive.org/web/20150504130657/http://spellingbee.com:80/public/results/2012/round_results/speller/200,"The Tribune Chronicle, Warren, Ohio",braggart,braggart,
2012,2,201,Vishnu Nistala,https://web.archive.org/web/20150504130657/http://spellingbee.com:80/public/results/2012/round_results/speller/201,"The News-Herald, Willoughby, Ohio",stratification,stratification,
2012,2,202,Max Lee,https://web.archive.org/web/20150504130657/http://spellingbee.com:80/public/results/2012/round_results/speller/202,"The Vindicator, Youngstown, Ohio",gauche,gauche,
2012,2,203,Richelle Zampella,https://web.archive.org/web/20150504130657/http://spellingbee.com:80/public/results/2012/round_results/speller/203,"Muskogee Spelling Bee Collaborative, Muskogee, Oklahoma",oakenshaw,oakenshaw,
2012,2,204,Noah Cassidy,https://web.archive.org/web/20150504130657/http://spellingbee.com:80/public/results/2012/round_results/speller/204,"The Oklahoman, Oklahoma City, Oklahoma",koto,koto,
2012,2,205,Katie Carter,https://web.archive.org/web/20150504130657/http://spellingbee.com:80/public/results/2012/round_results/speller/205,"Portland Tribune, Portland, Oregon",junonia,junonia,
2012,2,206,Reena Benny,https://web.archive.org/web/20150504130657/http://spellingbee.com:80/public/results/2012/round_results/speller/206,"The Chester Spirit, Chester, Pennsylvania",ignominious,ignominious,
2012,2,207,Katie Proffitt,https://web.archive.org/web/20150504130657/http://spellingbee.com:80/public/results/2012/round_results/speller/207,"Chester County Intermediate Unit, Downingtown, Pennsylvania",flibbertigibbet,flibbertigibbet,
2012,2,208,Naomi Li,https://web.archive.org/web/20150504130657/http://spellingbee.com:80/public/results/2012/round_results/speller/208,"The Express-Times, Easton, Pennsylvania",eremic,eremic,
2012,2,209,Katie Dudding,https://web.archive.org/web/20150504130657/http://spellingbee.com:80/public/results/2012/round_results/speller/209,"WITF: Public Media for Central Pennsylvania, Harrisburg, Pennsylvania",chassis,chassis,
2012,2,210,John Fulton,https://web.archive.org/web/20150504130657/http://spellingbee.com:80/public/results/2012/round_results/speller/210,"Intelligencer Journal/Lancaster New Era, Lancaster, Pennsylvania",gnathonic,nathonic,E
2012,2,211,Neha Bhardwaj,https://web.archive.org/web/20150504130657/http://spellingbee.com:80/public/results/2012/round_results/speller/211,"The Times Herald, Norristown, Pennsylvania",hilum,hilum,
2012,2,212,Visha Parmar,https://web.archive.org/web/20150504130657/http://spellingbee.com:80/public/results/2012/round_results/speller/212,"Pennridge Community Education Foundation, Perkasie, Pennsylvania",infinitesimal,infinitesimal,
2012,2,213,Lena Greenberg,https://web.archive.org/web/20150504130657/http://spellingbee.com:80/public/results/2012/round_results/speller/213,"The Philadelphia Tribune, Philadelphia, Pennsylvania",jong,jong,
2012,2,214,Megan Antoon,https://web.archive.org/web/20150504130657/http://spellingbee.com:80/public/results/2012/round_results/speller/214,"Pittsburgh Post-Gazette, Pittsburgh, Pennsylvania",gopak,gopak,
2012,2,215,Daniel McGarvey,https://web.archive.org/web/20150504130657/http://spellingbee.com:80/public/results/2012/round_results/speller/215,"The Republican Herald, Pottsville, Pennsylvania",lineaments,lineaments,
2012,2,216,Tom Velik,https://web.archive.org/web/20150504130657/http://spellingbee.com:80/public/results/2012/round_results/speller/216,"Reading Eagle, Reading, Pennsylvania",Gorgonzola,Gorgonzola,
2012,2,217,Devin Reed,https://web.archive.org/web/20150504130657/http://spellingbee.com:80/public/results/2012/round_results/speller/217,"Times Leader, Wilkes-Barre, Pennsylvania",pyromaniac,pyromaniac,
2012,2,218,Alexandra Harper,https://web.archive.org/web/20150504130657/http://spellingbee.com:80/public/results/2012/round_results/speller/218,"Commonwealth-Parkville School, San Juan, Puerto Rico",rabulistic,rabulistic,
2012,2,219,Emma Vorenberg,https://web.archive.org/web/20150504130657/http://spellingbee.com:80/public/results/2012/round_results/speller/219,"The Valley Breeze, Cumberland, Rhode Island",symbiosis,symbiosis,
2012,2,220,Sheena Chege,https://web.archive.org/web/20150504130657/http://spellingbee.com:80/public/results/2012/round_results/speller/220,"Anderson Independent Mail, Anderson, South Carolina",repartee,repartee,
2012,2,221,Austin Wood,https://web.archive.org/web/20150504130657/http://spellingbee.com:80/public/results/2012/round_results/speller/221,"The Allendale Sun, Allendale, South Carolina",wellaway,wellawey,E
2012,2,222,Ian Jef Bongalonta,https://web.archive.org/web/20150504130657/http://spellingbee.com:80/public/results/2012/round_results/speller/222,"The Post and Courier, Charleston, South Carolina",Jovicentric,Jovicentric,
2012,2,223,Jacob Evers,https://web.archive.org/web/20150504130657/http://spellingbee.com:80/public/results/2012/round_results/speller/223,"Pee Dee Education Center, Florence, South Carolina",ewer,ewer,
2012,2,224,Isabella Neubauer,https://web.archive.org/web/20150504130657/http://spellingbee.com:80/public/results/2012/round_results/speller/224,"The Sun News, Myrtle Beach, South Carolina",ameliorate,ameliorate,
2012,2,225,Reagan Leonard,https://web.archive.org/web/20150504130657/http://spellingbee.com:80/public/results/2012/round_results/speller/225,"Herald-Journal, Spartanburg, South Carolina",morose,morose,
2012,2,226,Maria Braga-Henebry,https://web.archive.org/web/20150504130657/http://spellingbee.com:80/public/results/2012/round_results/speller/226,"University of South Dakota, Vermillion, South Dakota",basmati,basmati,
2012,2,227,Jiwon Seo,https://web.archive.org/web/20150504130657/http://spellingbee.com:80/public/results/2012/round_results/speller/227,"Yoon's English School, Seoul, South Korea",eutaxy,eutaxy,
2012,2,228,Nicole Frische,https://web.archive.org/web/20150504130657/http://spellingbee.com:80/public/results/2012/round_results/speller/228,"Chattanooga Times Free Press, Chattanooga, Tennessee",iroko,iroko,
2012,2,229,Claire Layne,https://web.archive.org/web/20150504130657/http://spellingbee.com:80/public/results/2012/round_results/speller/229,"The Jackson Sun, Jackson, Tennessee",innocuous,innocuous,
2012,2,230,Hannah Jackson,https://web.archive.org/web/20150504130657/http://spellingbee.com:80/public/results/2012/round_results/speller/230,"Knoxville News Sentinel, Knoxville, Tennessee",maraud,mirod,E
2012,2,231,Valery Nguyen-Au,https://web.archive.org/web/20150504130657/http://spellingbee.com:80/public/results/2012/round_results/speller/231,"The Commercial Appeal, Memphis, Tennessee",hierarchy,hierarchy,
2012,2,232,Coleman Swartzfager,https://web.archive.org/web/20150504130657/http://spellingbee.com:80/public/results/2012/round_results/speller/232,"The Commercial Appeal, Memphis, Tennessee",neonatology,neonatology,
2012,2,233,Grace Park,https://web.archive.org/web/20150504130657/http://spellingbee.com:80/public/results/2012/round_results/speller/233,"Baker, Donelson, Bearman, Caldwell & Berkowitz, Nashville, Tennessee",rogatory,rogatory,
2012,2,234,Kate Miller,https://web.archive.org/web/20150504130657/http://spellingbee.com:80/public/results/2012/round_results/speller/234,"Abilene Reporter-News, Abilene, Texas",fougade,fougade,
2012,2,235,Casey Ellis,https://web.archive.org/web/20150504130657/http://spellingbee.com:80/public/results/2012/round_results/speller/235,"Amarillo Globe-News, Amarillo, Texas",hipparch,hipparch,
2012,2,236,Victoria Epstein,https://web.archive.org/web/20150504130657/http://spellingbee.com:80/public/results/2012/round_results/speller/236,"Corpus Christi Caller-Times, Corpus Christi, Texas",emaciated,emaciated,
2012,2,237,Chetan Reddy,https://web.archive.org/web/20150504130657/http://spellingbee.com:80/public/results/2012/round_results/speller/237,"The Dallas Morning News, Dallas, Texas",hodiernal,hodiernal,
2012,2,238,Abigail Spitzer,https://web.archive.org/web/20150504130657/http://spellingbee.com:80/public/results/2012/round_results/speller/238,"El Paso Times, El Paso, Texas",putrescible,putrescible,
2012,2,239,Mark De Los Santos,https://web.archive.org/web/20150504130657/http://spellingbee.com:80/public/results/2012/round_results/speller/239,"Texas Christian University, Fort Worth, Texas",reparations,reparations,
2012,2,240,Alen Saju,https://web.archive.org/web/20150504130657/http://spellingbee.com:80/public/results/2012/round_results/speller/240,"Valley Freedom Newspapers, Harlingen, Texas",hollandaise,hollandaise,
2012,2,241,Sivateja Tangirala,https://web.archive.org/web/20150504130657/http://spellingbee.com:80/public/results/2012/round_results/speller/241,"HoustonPBS, Houston, Texas",yakitori,yakitori,
2012,2,242,Roland Patricio,https://web.archive.org/web/20150504130657/http://spellingbee.com:80/public/results/2012/round_results/speller/242,"Laredo Morning Times, Laredo, Texas",homologate,homaligate,E
2012,2,243,Neloy Shome,https://web.archive.org/web/20150504130657/http://spellingbee.com:80/public/results/2012/round_results/speller/243,"Lubbock Avalanche-Journal, Lubbock, Texas",ipecac,ipecac,
2012,2,244,Thomas Rubio,https://web.archive.org/web/20150504130657/http://spellingbee.com:80/public/results/2012/round_results/speller/244,"Midland Reporter-Telegram, Midland, Texas",rowan,rowan,
2012,2,245,Ethan Wall,https://web.archive.org/web/20150504130657/http://spellingbee.com:80/public/results/2012/round_results/speller/245,"Odessa American, Odessa, Texas",quixote,quiksot,E
2012,2,246,Clancy Carter,https://web.archive.org/web/20150504130657/http://spellingbee.com:80/public/results/2012/round_results/speller/246,"San Angelo Standard-Times, San Angelo, Texas",zephyr,zephyr,
2012,2,247,Sarah Hurlin,https://web.archive.org/web/20150504130657/http://spellingbee.com:80/public/results/2012/round_results/speller/247,"San Antonio Express-News, San Antonio, Texas",golgotha,golgotha,
2012,2,248,Pauline Negrete,https://web.archive.org/web/20150504130657/http://spellingbee.com:80/public/results/2012/round_results/speller/248,"Victoria Advocate, Victoria, Texas",cacophony,cacophony,
2012,2,249,Whitney Jameson,https://web.archive.org/web/20150504130657/http://spellingbee.com:80/public/results/2012/round_results/speller/249,"BBVA Compass Bank, Waco, Texas",humaniora,humaniora,
2012,2,250,Ruth Anwasi,https://web.archive.org/web/20150504130657/http://spellingbee.com:80/public/results/2012/round_results/speller/250,"Times Record News, Wichita Falls, Texas",hyperbole,hyperbole,
2012,2,251,Yad Bass,https://web.archive.org/web/20150504130657/http://spellingbee.com:80/public/results/2012/round_results/speller/251,"The Virgin Islands Daily News, St. Thomas, U.S. Virgin Islands",iridaceous,iradacious,E
2012,2,252,Jared Ward,https://web.archive.org/web/20150504130657/http://spellingbee.com:80/public/results/2012/round_results/speller/252,"Southeast Education Service Center, Price, Utah",etesian,etesian,
2012,2,253,Sophie Choate,https://web.archive.org/web/20150504130657/http://spellingbee.com:80/public/results/2012/round_results/speller/253,"Daily Herald, Provo, Utah",mellifluous,mellifluous,
2012,2,254,Vismaya Kharkar,https://web.archive.org/web/20150504130657/http://spellingbee.com:80/public/results/2012/round_results/speller/254,"The Valley Journals, Salt Lake City, Utah",kielbasa,kielbasa,
2012,2,255,Ronan Howlett,https://web.archive.org/web/20150504130657/http://spellingbee.com:80/public/results/2012/round_results/speller/255,"The Burlington Free Press, Burlington, Vermont",comandante,comandante,
2012,2,256,Kayla Corredera-Wells,https://web.archive.org/web/20150504130657/http://spellingbee.com:80/public/results/2012/round_results/speller/256,"The News-Virginian and The Daily Progress, Charlottesville, Virginia",serendipity,serendipity,
2012,2,257,Madison Fuentes,https://web.archive.org/web/20150504130657/http://spellingbee.com:80/public/results/2012/round_results/speller/257,"Danville Register and Bee , Danville, Virginia",gemmary,gemmary,
2012,2,258,Andrew Marino,https://web.archive.org/web/20150504130657/http://spellingbee.com:80/public/results/2012/round_results/speller/258,"The Free Lance-Star, Fredericksburg, Virginia",asthmogenic,asthmogenic,
2012,2,259,Karlesha Canady,https://web.archive.org/web/20150504130657/http://spellingbee.com:80/public/results/2012/round_results/speller/259,"Hampton Literary Society, Hampton, Virginia",twoling,tuling,E
2012,2,260,Urna Chakrabarty,https://web.archive.org/web/20150504130657/http://spellingbee.com:80/public/results/2012/round_results/speller/260,"Rockingham District Ruritans, Harrisonburg, Virginia",demantoid,demantoid,
2012,2,261,Luke Thornburgh,https://web.archive.org/web/20150504130657/http://spellingbee.com:80/public/results/2012/round_results/speller/261,"Loudoun Times-Mirror, Leesburg, Virginia",Ichabod,Ichabod,
2012,2,262,Sarah Phillips,https://web.archive.org/web/20150504130657/http://spellingbee.com:80/public/results/2012/round_results/speller/262,"The News & Advance, Lynchburg, Virginia",exacerbate,exacerbate,
2012,2,263,Caroline Willett,https://web.archive.org/web/20150504130657/http://spellingbee.com:80/public/results/2012/round_results/speller/263,"The Virginian-Pilot, Norfolk, Virginia",philately,philately,
2012,2,264,Jae Canetti,https://web.archive.org/web/20150504130657/http://spellingbee.com:80/public/results/2012/round_results/speller/264,"Fairfax County Times, Reston, Virginia",riant,riant,
2012,2,265,Evan Smith,https://web.archive.org/web/20150504130657/http://spellingbee.com:80/public/results/2012/round_results/speller/265,"Richmond Times-Dispatch, Richmond, Virginia",wejack,wejack,
2012,2,266,Shayley Martin,https://web.archive.org/web/20150504130657/http://spellingbee.com:80/public/results/2012/round_results/speller/266,"The Roanoke Times, Roanoke, Virginia",cicada,cicada,
2012,2,267,Victoria Whited,https://web.archive.org/web/20150504130657/http://spellingbee.com:80/public/results/2012/round_results/speller/267,"Tazewell County Fair Association, Tazewell, Virginia",joropo,joropo,
2012,2,268,Samuel Estep,https://web.archive.org/web/20150504130657/http://spellingbee.com:80/public/results/2012/round_results/speller/268,"The Community Foundation of the Northern Shenandoah Valley, Winchester, Virginia",tahini,tahini,
2012,2,269,Lori Anne Madison,https://web.archive.org/web/20150504130657/http://spellingbee.com:80/public/results/2012/round_results/speller/269,"News & Messenger, Woodbridge, Virginia",dirigible,dirigible,
2012,2,270,Camille Murphy,https://web.archive.org/web/20150504130657/http://spellingbee.com:80/public/results/2012/round_results/speller/270,"Town Hall Seattle, Seattle, Washington",ikat,ikat,
2012,2,271,Jonah Gunter,https://web.archive.org/web/20150504130657/http://spellingbee.com:80/public/results/2012/round_results/speller/271,"North Central Washington Collaborative Spelling Bee, Wenatchee, Washington",thwartwise,thwartwise,
2012,2,272,Elizabeth Koh,https://web.archive.org/web/20150504130657/http://spellingbee.com:80/public/results/2012/round_results/speller/272,"Charleston Gazette-Mail, Charleston, West Virginia",moratorium,moratorium,
2012,2,273,Thomas Aldridge,https://web.archive.org/web/20150504130657/http://spellingbee.com:80/public/results/2012/round_results/speller/273,"The Clarksburg Exponent-Telegram, Clarksburg, West Virginia",wearisome,wearisome,
2012,2,274,Shivali Halabe,https://web.archive.org/web/20150504130657/http://spellingbee.com:80/public/results/2012/round_results/speller/274,"The Dominion Post, Morgantown, West Virginia",aberrant,aberrant,
2012,2,275,Olivia Archer,https://web.archive.org/web/20150504130657/http://spellingbee.com:80/public/results/2012/round_results/speller/275,"The Catholic Spirit, Wheeling, West Virginia",hebetate,hebate,E
2012,2,276,Heloise Cheruvalath,https://web.archive.org/web/20150504130657/http://spellingbee.com:80/public/results/2012/round_results/speller/276,"Wisconsin State Journal, Madison, Wisconsin",dihedral,dihedral,
2012,2,277,Lia Eggleston,https://web.archive.org/web/20150504130657/http://spellingbee.com:80/public/results/2012/round_results/speller/277,"Wyoming Spelling Bee Collaborative, Casper, Wyoming",syndicate,cindicate,E
2012,2,278,Zachary Doiron,https://web.archive.org/web/20150504130657/http://spellingbee.com:80/public/results/2012/round_results/speller/278,"Boston Centers for Youth & Families, Boston, Massachusetts",mordacious,mordacious,
2012,4,1,Kevin Lazenby,https://web.archive.org/web/20150821075643/http://spellingbee.com:80/public/results/2012/round_results/speller/1,"Adventure Travel, Birmingham, Alabama",cephalalgia,cephalalgia,
2012,4,5,Sumaita Mulk,https://web.archive.org/web/20150821075643/http://spellingbee.com:80/public/results/2012/round_results/speller/5,"Arizona Educational Foundation, Scottsdale, Arizona",hinoki,hinoki,
2012,4,11,Apolonia Gardner,https://web.archive.org/web/20150821075643/http://spellingbee.com:80/public/results/2012/round_results/speller/11,"Imperial Valley Press, El Centro, California",phalarope,phallorope,E
2012,4,19,Snigdha Nandipati,https://web.archive.org/web/20150821075643/http://spellingbee.com:80/public/results/2012/round_results/speller/19,"U-T San Diego, San Diego, California",stochastically,stochastically,
2012,4,20,Siddharth Kulkarni,https://web.archive.org/web/20150821075643/http://spellingbee.com:80/public/results/2012/round_results/speller/20,"San Francisco Chronicle, San Francisco, California",projicient,projicient,
2012,4,25,Jennifer Mong,https://web.archive.org/web/20150821075643/http://spellingbee.com:80/public/results/2012/round_results/speller/25,"The Telegram, St. John's, Newfoundland, Canada",berserker,berserker,
2012,4,27,Mignon Tsai,https://web.archive.org/web/20150821075643/http://spellingbee.com:80/public/results/2012/round_results/speller/27,"The Vancouver Sun, Vancouver, British Columbia, Canada",oxyacetylene,oxyacetylene,
2012,4,30,Frank Cahill,https://web.archive.org/web/20150821075643/http://spellingbee.com:80/public/results/2012/round_results/speller/30,"The Denver Post, Denver, Colorado",drosophila,drosophila,
2012,4,31,Rahul Malayappan,https://web.archive.org/web/20150821075643/http://spellingbee.com:80/public/results/2012/round_results/speller/31,"Hearst Connecticut Media Group, Danbury, Connecticut",cicatrize,cicatrize,
2012,4,40,Grace Remmer,https://web.archive.org/web/20150821075643/http://spellingbee.com:80/public/results/2012/round_results/speller/40,"The Florida Times-Union, Jacksonville, Florida",proselytizer,proselytizer,
2012,4,42,Vaidya Govindarajan,https://web.archive.org/web/20150821075643/http://spellingbee.com:80/public/results/2012/round_results/speller/42,"The Miami Herald, Miami, Florida",intravitam,intravitam,
2012,4,43,Christal Schermeister,https://web.archive.org/web/20150821075643/http://spellingbee.com:80/public/results/2012/round_results/speller/43,"The Miami Herald, Miami, Florida",coulisse,coulisse,
2012,4,44,Stuti Mishra,https://web.archive.org/web/20150821075643/http://spellingbee.com:80/public/results/2012/round_results/speller/44,"Orlando Sentinel, Orlando, Florida",endergonic,endergonic,
2012,4,49,Rachael Cundey,https://web.archive.org/web/20150821075643/http://spellingbee.com:80/public/results/2012/round_results/speller/49,"The Augusta Chronicle, Augusta, Georgia",nefast,nefast,
2012,4,50,Simola Nayak,https://web.archive.org/web/20150821075643/http://spellingbee.com:80/public/results/2012/round_results/speller/50,"Georgia Association of Educators, Tucker, Georgia",cassideous,cassideous,
2012,4,58,Simon Ricci,https://web.archive.org/web/20150821075643/http://spellingbee.com:80/public/results/2012/round_results/speller/58,"Chicago Spelling Bee Collaborative, Chicago, Illinois",nephropathy,nephropathy,
2012,4,60,Marlene Santora,https://web.archive.org/web/20150821075643/http://spellingbee.com:80/public/results/2012/round_results/speller/60,"Commonwealth Edison, Chicago, Illinois",freddo,fredo,E
2012,4,66,Pranav Sivakumar,https://web.archive.org/web/20150821075643/http://spellingbee.com:80/public/results/2012/round_results/speller/66,"Lake County Regional Office of Education, Grayslake, Illinois",cancrivorous,cancrivorous,
2012,4,79,Gina Solomito,https://web.archive.org/web/20150821075643/http://spellingbee.com:80/public/results/2012/round_results/speller/79,"Indiana University-Purdue University Indianapolis , Indianapolis, Indiana",ditokous,ditokous,
2012,4,89,Gifton Wright,https://web.archive.org/web/20150821075643/http://spellingbee.com:80/public/results/2012/round_results/speller/89,"Jamaica Gleaner, Kingston, Jamaica",polyptych,polyptych,
2012,4,92,Vanya Shivashankar,https://web.archive.org/web/20150821075643/http://spellingbee.com:80/public/results/2012/round_results/speller/92,"The Olathe News, Olathe, Kansas",mumpsimus,mumpsimus,
2012,4,93,Emma Steimle,https://web.archive.org/web/20150821075643/http://spellingbee.com:80/public/results/2012/round_results/speller/93,"The Topeka Capital-Journal, Topeka, Kansas",carpophore,carpophore,
2012,4,94,Emily Keaton,https://web.archive.org/web/20150821075643/http://spellingbee.com:80/public/results/2012/round_results/speller/94,"Kentucky Spelling Bee Collaborative, Louisville, Kentucky",attermine,attermine,
2012,4,105,Jack Nolan,https://web.archive.org/web/20150821075643/http://spellingbee.com:80/public/results/2012/round_results/speller/105,"Howard County Library, Columbia, Maryland",ergastulum,ergastulum,
2012,4,113,Amber Born,https://web.archive.org/web/20150821075643/http://spellingbee.com:80/public/results/2012/round_results/speller/113,"The Daily Item, Lynn, Massachusetts",sylloge,syllogy,E
2012,4,127,Kavyapranati Pratapa,https://web.archive.org/web/20150821075643/http://spellingbee.com:80/public/results/2012/round_results/speller/127,"Willow Run Community Schools, Ypsilanti, Michigan",pidan,pidan,
2012,4,130,Antony Joseph,https://web.archive.org/web/20150821075643/http://spellingbee.com:80/public/results/2012/round_results/speller/130,"South Central Service Cooperative, North Mankato, Minnesota",tendenz,tendentz,E
2012,4,131,Roshini Asirvatham,https://web.archive.org/web/20150821075643/http://spellingbee.com:80/public/results/2012/round_results/speller/131,"Southeast Service Cooperative , Rochester, Minnesota",sciophyte,sciaphyte,E
2012,4,136,Jordan Hoffman,https://web.archive.org/web/20150821075643/http://spellingbee.com:80/public/results/2012/round_results/speller/136,"Jackson County Spelling Bee Collaborative, Kansas City, Missouri",toxophilite,toxophilite,
2012,4,141,Gokul Venkatachalam,https://web.archive.org/web/20150821075643/http://spellingbee.com:80/public/results/2012/round_results/speller/141,"St. Louis Post-Dispatch, St. Louis, Missouri",frore,frore,
2012,4,145,Emma Ciereszynski,https://web.archive.org/web/20150821075643/http://spellingbee.com:80/public/results/2012/round_results/speller/145,"New Hampshire Union Leader, Manchester, New Hampshire",caryatid,caryatid,
2012,4,148,Sanjana Malla,https://web.archive.org/web/20150821075643/http://spellingbee.com:80/public/results/2012/round_results/speller/148,"The Record and Herald News, Hackensack, New Jersey",exergue,exergue,
2012,4,155,Nabeel Rahman,https://web.archive.org/web/20150821075643/http://spellingbee.com:80/public/results/2012/round_results/speller/155,"The Buffalo News, Buffalo, New York",douceur,douceur,
2012,4,156,Sruti Akula,https://web.archive.org/web/20150821075643/http://spellingbee.com:80/public/results/2012/round_results/speller/156,"The Leader, Corning, New York",mephitis,mephitis,
2012,4,162,Arvind Mahankali,https://web.archive.org/web/20150821075643/http://spellingbee.com:80/public/results/2012/round_results/speller/162,"Daily News, New York, New York",stannum,stannum,
2012,4,184,Ty Korsmo,https://web.archive.org/web/20150821075643/http://spellingbee.com:80/public/results/2012/round_results/speller/184,"North Dakota Council of Educational Leaders, Bismarck, North Dakota",pratincolous,pretincolous,E
2012,4,185,Sunny Levine,https://web.archive.org/web/20150821075643/http://spellingbee.com:80/public/results/2012/round_results/speller/185,"Akron Beacon Journal, Akron, Ohio",bacitracin,bacitracin,
2012,4,193,Nicholas Rushlow,https://web.archive.org/web/20150821075643/http://spellingbee.com:80/public/results/2012/round_results/speller/193,"Lancaster Eagle-Gazette, Lancaster, Ohio",monocotyledon,monocotyledon,
2012,4,198,Dharani Kotekal,https://web.archive.org/web/20150821075643/http://spellingbee.com:80/public/results/2012/round_results/speller/198,"The Herald-Star, Steubenville, Ohio",victorine,victorine,
2012,4,201,Vishnu Nistala,https://web.archive.org/web/20150821075643/http://spellingbee.com:80/public/results/2012/round_results/speller/201,"The News-Herald, Willoughby, Ohio",cataphract,cataphract,
2012,4,202,Max Lee,https://web.archive.org/web/20150821075643/http://spellingbee.com:80/public/results/2012/round_results/speller/202,"The Vindicator, Youngstown, Ohio",enthymeme,enthymeme,
2012,4,204,Noah Cassidy,https://web.archive.org/web/20150821075643/http://spellingbee.com:80/public/results/2012/round_results/speller/204,"The Oklahoman, Oklahoma City, Oklahoma",survigrous,servigrous,E
2012,4,213,Lena Greenberg,https://web.archive.org/web/20150821075643/http://spellingbee.com:80/public/results/2012/round_results/speller/213,"The Philadelphia Tribune, Philadelphia, Pennsylvania",catallactics,catallactics,
2012,4,237,Chetan Reddy,https://web.archive.org/web/20150821075643/http://spellingbee.com:80/public/results/2012/round_results/speller/237,"The Dallas Morning News, Dallas, Texas",phlogistic,phlogistic,
2012,4,238,Abigail Spitzer,https://web.archive.org/web/20150821075643/http://spellingbee.com:80/public/results/2012/round_results/speller/238,"El Paso Times, El Paso, Texas",tondino,tondino,
2012,4,239,Mark De Los Santos,https://web.archive.org/web/20150821075643/http://spellingbee.com:80/public/results/2012/round_results/speller/239,"Texas Christian University, Fort Worth, Texas",cochineal,cochineal,
2012,4,241,Sivateja Tangirala,https://web.archive.org/web/20150821075643/http://spellingbee.com:80/public/results/2012/round_results/speller/241,"HoustonPBS, Houston, Texas",pleurodynia,pleuradynia,E
2012,4,244,Thomas Rubio,https://web.archive.org/web/20150821075643/http://spellingbee.com:80/public/results/2012/round_results/speller/244,"Midland Reporter-Telegram, Midland, Texas",podilegous,podilogous,E
2012,4,254,Vismaya Kharkar,https://web.archive.org/web/20150821075643/http://spellingbee.com:80/public/results/2012/round_results/speller/254,"The Valley Journals, Salt Lake City, Utah",dysthymia,dysthymia,
2012,4,264,Jae Canetti,https://web.archive.org/web/20150821075643/http://spellingbee.com:80/public/results/2012/round_results/speller/264,"Fairfax County Times, Reston, Virginia",habendum,habendum,
2012,5,1,Kevin Lazenby,https://web.archive.org/web/20150530022336/http://spellingbee.com:80/public/results/2012/round_results/speller/1,"Adventure Travel, Birmingham, Alabama",hortulan,hortuline,E
2012,5,5,Sumaita Mulk,https://web.archive.org/web/20150530022336/http://spellingbee.com:80/public/results/2012/round_results/speller/5,"Arizona Educational Foundation, Scottsdale, Arizona",psychrophyte,psychrophyte,
2012,5,19,Snigdha Nandipati,https://web.archive.org/web/20150530022336/http://spellingbee.com:80/public/results/2012/round_results/speller/19,"U-T San Diego, San Diego, California",compas,compas,
2012,5,20,Siddharth Kulkarni,https://web.archive.org/web/20150530022336/http://spellingbee.com:80/public/results/2012/round_results/speller/20,"San Francisco Chronicle, San Francisco, California",Liederkranz,liederkrantz,E
2012,5,25,Jennifer Mong,https://web.archive.org/web/20150530022336/http://spellingbee.com:80/public/results/2012/round_results/speller/25,"The Telegram, St. John's, Newfoundland, Canada",lymphopoiesis,lymphopoiesis,
2012,5,27,Mignon Tsai,https://web.archive.org/web/20150530022336/http://spellingbee.com:80/public/results/2012/round_results/speller/27,"The Vancouver Sun, Vancouver, British Columbia, Canada",macropodid,macropydid,E
2012,5,30,Frank Cahill,https://web.archive.org/web/20150530022336/http://spellingbee.com:80/public/results/2012/round_results/speller/30,"The Denver Post, Denver, Colorado",cannelon,cannelon,
2012,5,31,Rahul Malayappan,https://web.archive.org/web/20150530022336/http://spellingbee.com:80/public/results/2012/round_results/speller/31,"Hearst Connecticut Media Group, Danbury, Connecticut",quinquennalia,quinquenalia,E
2012,5,40,Grace Remmer,https://web.archive.org/web/20150530022336/http://spellingbee.com:80/public/results/2012/round_results/speller/40,"The Florida Times-Union, Jacksonville, Florida",athanor,athenor,E
2012,5,42,Vaidya Govindarajan,https://web.archive.org/web/20150530022336/http://spellingbee.com:80/public/results/2012/round_results/speller/42,"The Miami Herald, Miami, Florida",rhabdolith,rhabdolith,
2012,5,43,Christal Schermeister,https://web.archive.org/web/20150530022336/http://spellingbee.com:80/public/results/2012/round_results/speller/43,"The Miami Herald, Miami, Florida",calo,callo,E
2012,5,44,Stuti Mishra,https://web.archive.org/web/20150530022336/http://spellingbee.com:80/public/results/2012/round_results/speller/44,"Orlando Sentinel, Orlando, Florida",fjeld,fjeld,
2012,5,49,Rachael Cundey,https://web.archive.org/web/20150530022336/http://spellingbee.com:80/public/results/2012/round_results/speller/49,"The Augusta Chronicle, Augusta, Georgia",storis,storis,
2012,5,50,Simola Nayak,https://web.archive.org/web/20150530022336/http://spellingbee.com:80/public/results/2012/round_results/speller/50,"Georgia Association of Educators, Tucker, Georgia",ciselé,ciselé,
2012,5,58,Simon Ricci,https://web.archive.org/web/20150530022336/http://spellingbee.com:80/public/results/2012/round_results/speller/58,"Chicago Spelling Bee Collaborative, Chicago, Illinois",aoristic,aeristic,E
2012,5,66,Pranav Sivakumar,https://web.archive.org/web/20150530022336/http://spellingbee.com:80/public/results/2012/round_results/speller/66,"Lake County Regional Office of Education, Grayslake, Illinois",oecus,aeacus,E
2012,5,79,Gina Solomito,https://web.archive.org/web/20150530022336/http://spellingbee.com:80/public/results/2012/round_results/speller/79,"Indiana University-Purdue University Indianapolis , Indianapolis, Indiana",Götterdämmerung,Götterdämmerung,
2012,5,89,Gifton Wright,https://web.archive.org/web/20150530022336/http://spellingbee.com:80/public/results/2012/round_results/speller/89,"Jamaica Gleaner, Kingston, Jamaica",tocopherol,tocopherol,
2012,5,92,Vanya Shivashankar,https://web.archive.org/web/20150530022336/http://spellingbee.com:80/public/results/2012/round_results/speller/92,"The Olathe News, Olathe, Kansas",mascalage,mascalage,
2012,5,93,Emma Steimle,https://web.archive.org/web/20150530022336/http://spellingbee.com:80/public/results/2012/round_results/speller/93,"The Topeka Capital-Journal, Topeka, Kansas",Schwyzer,swietzer,E
2012,5,94,Emily Keaton,https://web.archive.org/web/20150530022336/http://spellingbee.com:80/public/results/2012/round_results/speller/94,"Kentucky Spelling Bee Collaborative, Louisville, Kentucky",chamaephyte,camophyte,E
2012,5,105,Jack Nolan,https://web.archive.org/web/20150530022336/http://spellingbee.com:80/public/results/2012/round_results/speller/105,"Howard County Library, Columbia, Maryland",atopen,attapan,E
2012,5,127,Kavyapranati Pratapa,https://web.archive.org/web/20150530022336/http://spellingbee.com:80/public/results/2012/round_results/speller/127,"Willow Run Community Schools, Ypsilanti, Michigan",perleche,perleche,
2012,5,136,Jordan Hoffman,https://web.archive.org/web/20150530022336/http://spellingbee.com:80/public/results/2012/round_results/speller/136,"Jackson County Spelling Bee Collaborative, Kansas City, Missouri",trophobiosis,trophobiosis,
2012,5,141,Gokul Venkatachalam,https://web.archive.org/web/20150530022336/http://spellingbee.com:80/public/results/2012/round_results/speller/141,"St. Louis Post-Dispatch, St. Louis, Missouri",souterrain,souterrain,
2012,5,145,Emma Ciereszynski,https://web.archive.org/web/20150530022336/http://spellingbee.com:80/public/results/2012/round_results/speller/145,"New Hampshire Union Leader, Manchester, New Hampshire",bombycine,bombycine,
2012,5,148,Sanjana Malla,https://web.archive.org/web/20150530022336/http://spellingbee.com:80/public/results/2012/round_results/speller/148,"The Record and Herald News, Hackensack, New Jersey",thysanopterist,thysinopterist,E
2012,5,155,Nabeel Rahman,https://web.archive.org/web/20150530022336/http://spellingbee.com:80/public/results/2012/round_results/speller/155,"The Buffalo News, Buffalo, New York",maquillage,maquillage,
2012,5,156,Sruti Akula,https://web.archive.org/web/20150530022336/http://spellingbee.com:80/public/results/2012/round_results/speller/156,"The Leader, Corning, New York",gimbaled,gymballed,E
2012,5,162,Arvind Mahankali,https://web.archive.org/web/20150530022336/http://spellingbee.com:80/public/results/2012/round_results/speller/162,"Daily News, New York, New York",rhipidate,rhipidate,
2012,5,185,Sunny Levine,https://web.archive.org/web/20150530022336/http://spellingbee.com:80/public/results/2012/round_results/speller/185,"Akron Beacon Journal, Akron, Ohio",polos,palas,E
2012,5,193,Nicholas Rushlow,https://web.archive.org/web/20150530022336/http://spellingbee.com:80/public/results/2012/round_results/speller/193,"Lancaster Eagle-Gazette, Lancaster, Ohio",theophylline,theophylline,
2012,5,198,Dharani Kotekal,https://web.archive.org/web/20150530022336/http://spellingbee.com:80/public/results/2012/round_results/speller/198,"The Herald-Star, Steubenville, Ohio",cabochon,cabachon,E
2012,5,201,Vishnu Nistala,https://web.archive.org/web/20150530022336/http://spellingbee.com:80/public/results/2012/round_results/speller/201,"The News-Herald, Willoughby, Ohio",araphorostic,arapharostic,E
2012,5,202,Max Lee,https://web.archive.org/web/20150530022336/http://spellingbee.com:80/public/results/2012/round_results/speller/202,"The Vindicator, Youngstown, Ohio",resveratrol,resviritrol,E
2012,5,213,Lena Greenberg,https://web.archive.org/web/20150530022336/http://spellingbee.com:80/public/results/2012/round_results/speller/213,"The Philadelphia Tribune, Philadelphia, Pennsylvania",contrecoup,contrecoup,
2012,5,237,Chetan Reddy,https://web.archive.org/web/20150530022336/http://spellingbee.com:80/public/results/2012/round_results/speller/237,"The Dallas Morning News, Dallas, Texas",soboliferous,sabaliferous,E
2012,5,238,Abigail Spitzer,https://web.archive.org/web/20150530022336/http://spellingbee.com:80/public/results/2012/round_results/speller/238,"El Paso Times, El Paso, Texas",patas,petas,E
2012,5,239,Mark De Los Santos,https://web.archive.org/web/20150530022336/http://spellingbee.com:80/public/results/2012/round_results/speller/239,"Texas Christian University, Fort Worth, Texas",nudibranch,nudibranch,
2012,5,254,Vismaya Kharkar,https://web.archive.org/web/20150530022336/http://spellingbee.com:80/public/results/2012/round_results/speller/254,"The Valley Journals, Salt Lake City, Utah",allothogenic,allothogenic,
2012,5,264,Jae Canetti,https://web.archive.org/web/20150530022336/http://spellingbee.com:80/public/results/2012/round_results/speller/264,"Fairfax County Times, Reston, Virginia",Grundriss,gruntris,E
2012,6,5,Sumaita Mulk,https://web.archive.org/web/20150527003137/http://spellingbee.com:80/public/results/2012/round_results/speller/5,"Arizona Educational Foundation, Scottsdale, Arizona",quatuor,quatuore,E
2012,6,19,Snigdha Nandipati,https://web.archive.org/web/20150527003137/http://spellingbee.com:80/public/results/2012/round_results/speller/19,"U-T San Diego, San Diego, California",rhonchus,rhonchus,
2012,6,25,Jennifer Mong,https://web.archive.org/web/20150527003137/http://spellingbee.com:80/public/results/2012/round_results/speller/25,"The Telegram, St. John's, Newfoundland, Canada",vellon,vellone,E
2012,6,30,Frank Cahill,https://web.archive.org/web/20150527003137/http://spellingbee.com:80/public/results/2012/round_results/speller/30,"The Denver Post, Denver, Colorado",guilloche,guilloche,
2012,6,42,Vaidya Govindarajan,https://web.archive.org/web/20150527003137/http://spellingbee.com:80/public/results/2012/round_results/speller/42,"The Miami Herald, Miami, Florida",polynee,polyne,E
2012,6,44,Stuti Mishra,https://web.archive.org/web/20150527003137/http://spellingbee.com:80/public/results/2012/round_results/speller/44,"Orlando Sentinel, Orlando, Florida",capharnaum,capharnaum,
2012,6,49,Rachael Cundey,https://web.archive.org/web/20150527003137/http://spellingbee.com:80/public/results/2012/round_results/speller/49,"The Augusta Chronicle, Augusta, Georgia",cheyney,cheiny,E
2012,6,50,Simola Nayak,https://web.archive.org/web/20150527003137/http://spellingbee.com:80/public/results/2012/round_results/speller/50,"Georgia Association of Educators, Tucker, Georgia",rapparee,raparee,E
2012,6,79,Gina Solomito,https://web.archive.org/web/20150527003137/http://spellingbee.com:80/public/results/2012/round_results/speller/79,"Indiana University-Purdue University Indianapolis , Indianapolis, Indiana",bisbigliando,bisbillando,E
2012,6,89,Gifton Wright,https://web.archive.org/web/20150527003137/http://spellingbee.com:80/public/results/2012/round_results/speller/89,"Jamaica Gleaner, Kingston, Jamaica",Gleichschaltung,Gleichschaltung,
2012,6,92,Vanya Shivashankar,https://web.archive.org/web/20150527003137/http://spellingbee.com:80/public/results/2012/round_results/speller/92,"The Olathe News, Olathe, Kansas",pejerrey,pejare,E
2012,6,127,Kavyapranati Pratapa,https://web.archive.org/web/20150527003137/http://spellingbee.com:80/public/results/2012/round_results/speller/127,"Willow Run Community Schools, Ypsilanti, Michigan",ammocoetes,amocetides,E
2012,6,136,Jordan Hoffman,https://web.archive.org/web/20150527003137/http://spellingbee.com:80/public/results/2012/round_results/speller/136,"Jackson County Spelling Bee Collaborative, Kansas City, Missouri",heiau,heiau,
2012,6,141,Gokul Venkatachalam,https://web.archive.org/web/20150527003137/http://spellingbee.com:80/public/results/2012/round_results/speller/141,"St. Louis Post-Dispatch, St. Louis, Missouri",kahikatea,kaikatea,E
2012,6,145,Emma Ciereszynski,https://web.archive.org/web/20150527003137/http://spellingbee.com:80/public/results/2012/round_results/speller/145,"New Hampshire Union Leader, Manchester, New Hampshire",ouabain,ouabain,
2012,6,155,Nabeel Rahman,https://web.archive.org/web/20150527003137/http://spellingbee.com:80/public/results/2012/round_results/speller/155,"The Buffalo News, Buffalo, New York",tirthankara,tirtankara,E
2012,6,162,Arvind Mahankali,https://web.archive.org/web/20150527003137/http://spellingbee.com:80/public/results/2012/round_results/speller/162,"Daily News, New York, New York",phrontistery,phrontistery,
2012,6,193,Nicholas Rushlow,https://web.archive.org/web/20150527003137/http://spellingbee.com:80/public/results/2012/round_results/speller/193,"Lancaster Eagle-Gazette, Lancaster, Ohio",kanaima,kanaima,
2012,6,213,Lena Greenberg,https://web.archive.org/web/20150527003137/http://spellingbee.com:80/public/results/2012/round_results/speller/213,"The Philadelphia Tribune, Philadelphia, Pennsylvania",cholecystitis,cholecystitis,
2012,6,239,Mark De Los Santos,https://web.archive.org/web/20150527003137/http://spellingbee.com:80/public/results/2012/round_results/speller/239,"Texas Christian University, Fort Worth, Texas",himation,hemation,E
2012,6,254,Vismaya Kharkar,https://web.archive.org/web/20150527003137/http://spellingbee.com:80/public/results/2012/round_results/speller/254,"The Valley Journals, Salt Lake City, Utah",pissaladière,pisaladierre,E
2012,7,19,Snigdha Nandipati,https://web.archive.org/web/20150527003142/http://spellingbee.com:80/public/results/2012/round_results/speller/19,"U-T San Diego, San Diego, California",psammon,psammon,
2012,7,30,Frank Cahill,https://web.archive.org/web/20150527003142/http://spellingbee.com:80/public/results/2012/round_results/speller/30,"The Denver Post, Denver, Colorado",dedans,dedans,
2012,7,44,Stuti Mishra,https://web.archive.org/web/20150527003142/http://spellingbee.com:80/public/results/2012/round_results/speller/44,"Orlando Sentinel, Orlando, Florida",sahel,sahel,
2012,7,89,Gifton Wright,https://web.archive.org/web/20150527003142/http://spellingbee.com:80/public/results/2012/round_results/speller/89,"Jamaica Gleaner, Kingston, Jamaica",harengiform,harengiform,
2012,7,136,Jordan Hoffman,https://web.archive.org/web/20150527003142/http://spellingbee.com:80/public/results/2012/round_results/speller/136,"Jackson County Spelling Bee Collaborative, Kansas City, Missouri",canities,conities,E
2012,7,145,Emma Ciereszynski,https://web.archive.org/web/20150527003142/http://spellingbee.com:80/public/results/2012/round_results/speller/145,"New Hampshire Union Leader, Manchester, New Hampshire",ridotto,redatto,E
2012,7,162,Arvind Mahankali,https://web.archive.org/web/20150527003142/http://spellingbee.com:80/public/results/2012/round_results/speller/162,"Daily News, New York, New York",maieutic,maieutic,
2012,7,193,Nicholas Rushlow,https://web.archive.org/web/20150527003142/http://spellingbee.com:80/public/results/2012/round_results/speller/193,"Lancaster Eagle-Gazette, Lancaster, Ohio",turnverein,turnverein,
2012,7,213,Lena Greenberg,https://web.archive.org/web/20150527003142/http://spellingbee.com:80/public/results/2012/round_results/speller/213,"The Philadelphia Tribune, Philadelphia, Pennsylvania",otosteon,otosteon,
2012,8,19,Snigdha Nandipati,https://web.archive.org/web/20150508095549/http://spellingbee.com:80/public/results/2012/round_results/speller/19,"U-T San Diego, San Diego, California",ajimez,ajimez,
2012,8,30,Frank Cahill,https://web.archive.org/web/20150508095549/http://spellingbee.com:80/public/results/2012/round_results/speller/30,"The Denver Post, Denver, Colorado",porwigle,porwiggle,E
2012,8,44,Stuti Mishra,https://web.archive.org/web/20150508095549/http://spellingbee.com:80/public/results/2012/round_results/speller/44,"Orlando Sentinel, Orlando, Florida",melopoeia,melopoeia,
2012,8,89,Gifton Wright,https://web.archive.org/web/20150508095549/http://spellingbee.com:80/public/results/2012/round_results/speller/89,"Jamaica Gleaner, Kingston, Jamaica",phthisiology,phthisiology,
2012,8,162,Arvind Mahankali,https://web.archive.org/web/20150508095549/http://spellingbee.com:80/public/results/2012/round_results/speller/162,"Daily News, New York, New York",distelfink,distelfink,
2012,8,193,Nicholas Rushlow,https://web.archive.org/web/20150508095549/http://spellingbee.com:80/public/results/2012/round_results/speller/193,"Lancaster Eagle-Gazette, Lancaster, Ohio",rouille,rouille,
2012,8,213,Lena Greenberg,https://web.archive.org/web/20150508095549/http://spellingbee.com:80/public/results/2012/round_results/speller/213,"The Philadelphia Tribune, Philadelphia, Pennsylvania",yttriferous,yttriferous,
2012,9,19,Snigdha Nandipati,https://web.archive.org/web/20150918203119/http://spellingbee.com:80/public/results/2012/round_results/speller/19,"U-T San Diego, San Diego, California",luteovirescent,luteovirescent,
2012,9,44,Stuti Mishra,https://web.archive.org/web/20150918203119/http://spellingbee.com:80/public/results/2012/round_results/speller/44,"Orlando Sentinel, Orlando, Florida",chatoyant,chatoyant,
2012,9,89,Gifton Wright,https://web.archive.org/web/20150918203119/http://spellingbee.com:80/public/results/2012/round_results/speller/89,"Jamaica Gleaner, Kingston, Jamaica",ericeticolous,erosoticolous,E
2012,9,162,Arvind Mahankali,https://web.archive.org/web/20150918203119/http://spellingbee.com:80/public/results/2012/round_results/speller/162,"Daily News, New York, New York",quattrocento,quattrocento,
2012,9,193,Nicholas Rushlow,https://web.archive.org/web/20150918203119/http://spellingbee.com:80/public/results/2012/round_results/speller/193,"Lancaster Eagle-Gazette, Lancaster, Ohio",vetiver,vetover,E
2012,9,213,Lena Greenberg,https://web.archive.org/web/20150918203119/http://spellingbee.com:80/public/results/2012/round_results/speller/213,"The Philadelphia Tribune, Philadelphia, Pennsylvania",geistlich,geistleich,E
2012,10,19,Snigdha Nandipati,https://web.archive.org/web/20150918203231/http://spellingbee.com:80/public/results/2012/round_results/speller/19,"U-T San Diego, San Diego, California",saccharolytic,saccharolytic,
2012,10,44,Stuti Mishra,https://web.archive.org/web/20150918203231/http://spellingbee.com:80/public/results/2012/round_results/speller/44,"Orlando Sentinel, Orlando, Florida",prolegomenon,prolegomenon,
2012,10,162,Arvind Mahankali,https://web.archive.org/web/20150918203231/http://spellingbee.com:80/public/results/2012/round_results/speller/162,"Daily News, New York, New York",schwannoma,schvonoma,E
2012,11,19,Snigdha Nandipati,https://web.archive.org/web/20150918204508/http://spellingbee.com:80/public/results/2012/round_results/speller/19,"U-T San Diego, San Diego, California",admittatur,admittatur,
2012,11,44,Stuti Mishra,https://web.archive.org/web/20150918204508/http://spellingbee.com:80/public/results/2012/round_results/speller/44,"Orlando Sentinel, Orlando, Florida",chionablepsia,chionablepsia,
2012,12,19,Snigdha Nandipati,https://web.archive.org/web/20150918204512/http://spellingbee.com:80/public/results/2012/round_results/speller/19,"U-T San Diego, San Diego, California",arrondissement,arrondissement,
2012,12,44,Stuti Mishra,https://web.archive.org/web/20150918204512/http://spellingbee.com:80/public/results/2012/round_results/speller/44,"Orlando Sentinel, Orlando, Florida",schwarmerei,schwermerei,E
2012,13,19,Snigdha Nandipati,https://web.archive.org/web/20150508100736/http://spellingbee.com:80/public/results/2012/round_results/speller/19,"U-T San Diego, San Diego, California",guetapens,guetapens,
